"London, England, United Kingdom",51.509648,-0.099076,success
"Boston, MA, USA",42.355492,-71.048611,success
"Riga, Latvia",56.971149,24.142749,success
"Baraboo, WI, USA",43.468156,-89.741187,success
"Belfast, Northern Ireland, United Kingdom",54.599996,-5.971107,doubt
"Sydney, NSW, Australia",-34.035875,151.194191,success
"1520 Avenida México, Puente Alto, Chile",-33.594949,-70.559009,doubt
"Southside, Richmond, VA, USA",37.501602,-77.477990,doubt
"Unicorns and Rainbows, Thetford, England, United Kingdom",52.404186,0.741094,success
"Colorado, USA",38.996664,-105.547822,success
"San Antonio, TX, USA",29.374994,-98.588562,success
Mexico,23.920061,-102.289691,success
"Rotterdam, Estonia",58.536466,22.234465,doubt
"97 Perú, Puente Alto, Chile",-33.614947,-70.584259,doubt
"The Edge, Lakewood, OH, USA",41.482594,-81.769774,success
"Northern Ireland, United Kingdom",54.609675,-6.693536,doubt
"Exeter, England, United Kingdom",50.721796,-3.510362,success
"Ciudad Deportiva, Cartagena, Spain",37.620829,-0.950610,doubt
Japan,36.137930,138.441899,success
"District of Columbia, USA",38.912097,-77.014683,doubt
"Starkville, MS, USA",33.462524,-88.830563,success
"Berlin, Germany",52.520450,13.407320,success
"Cherkasy, Ukraine",49.379415,31.625581,doubt
"Dublin, Ireland",53.339280,-6.281314,success
"Stockholm, Sweden",59.275254,18.035164,success
"Berkhamsted, England, United Kingdom",51.760442,-0.566369,success
///fragole.essi.cestini,failed,failed,failed
United Kingdom,52.418788,-1.247349,success
"Oricola, Italy",42.049999,13.040280,success
"Newcastle upon Tyne, England, United Kingdom",55.009551,-1.668049,doubt
linktr.ee/datavizadventure,failed,failed,failed
Africa,21.638471,3.924068,doubt
"Bourgogne, France",49.340906,4.138939,doubt
"Stockholm, Sweden",59.275254,18.035164,success
"Athens, GA, USA",33.957590,-83.358855,success
"England, United Kingdom",52.594310,-1.461208,doubt
"PAUTA CDMX, Mexico City, Mexico",19.312209,-99.181229,doubt
"Oftringen, Switzerland",47.312288,7.923166,success
"Ciudad Deportiva, Cartagena, Spain",37.620829,-0.950610,doubt
"Lethbridge, AB, Canada",49.699990,-112.818560,success
"World Waterpark, Edmonton, AB, Canada",53.521848,-113.625841,doubt
"el salvador, El Salvador",13.668450,-89.270040,doubt
"Front Room, Martinez, CA, USA",38.017649,-122.135465,success
"IDF, Bram, France",43.241209,2.124047,success
"Saint Petersburg, Russia",59.911039,30.340232,success
"Tallahassee, FL, USA",30.449457,-84.262894,success
"Christchurch, New Zealand",-43.517364,172.610876,success
"Bend, OR, USA",44.051656,-121.304260,success
"District of Columbia, USA",38.912097,-77.014683,doubt
"↲, cerca de Slumil K’ajxemk’op",failed,failed,failed
"Kaduna, Nigeria",10.510954,7.798333,doubt
"Bergen, Norway",60.354965,5.302935,success
"City of Bristol, England, United Kingdom",51.455662,-2.582966,doubt
"Tel Aviv, Israel",32.072773,34.804786,doubt
"Stondon, England, United Kingdom",51.996639,-0.317178,success
"Oakland, CA, USA",37.785199,-122.197811,success
"Espoo, Finland",60.209560,24.651040,success
"Phoenix, AZ, USA",33.605030,-112.070892,success
"Texas, USA",31.030974,-98.326329,success
"Kampala, Uganda",0.316280,32.582190,success
"Orsay, France",48.698709,2.192910,success
"Ciudad Deportiva, Cartagena, Spain",37.620829,-0.950610,doubt
Netherlands,52.554205,5.501896,success
"Enschede, Netherlands",52.212261,6.881208,success
"Salzburg, Austria",47.345331,13.244322,doubt
"Michigan, USA",43.924812,-84.633107,success
"Arlington, MA, USA",42.420072,-71.161486,success
"Leipzig, Germany",51.341053,12.404024,success
"Arlington, VA, USA",38.864458,-77.099638,success
"Christchurch, New Zealand",-43.517364,172.610876,success
"Dublin, Ireland",53.339280,-6.281314,success
"Salzburg, Austria",47.345331,13.244322,doubt
"Helsinki, Finland",60.207870,24.999350,success
"Elxleben, Germany",51.043243,10.946685,doubt
Greece,39.783310,21.708535,success
Poland,51.899304,20.388926,success
"Offenbach am Main, Germany",50.094538,8.777582,success
"Hawaii, USA",19.647634,-155.533256,success
"Europe, Colmar, France",48.078231,7.330342,doubt
"Tel Aviv, Israel",32.072773,34.804786,doubt
The Gambia,13.505929,-15.362493,success
"Œle Maurice, Saint-Augustin, QC, Canada",51.190762,-58.396175,success
"Lund, Sweden",55.708110,13.197253,success
Mexico,23.920061,-102.289691,success
"Vancouver, WA, USA",45.632518,-122.543137,success
"London, England, United Kingdom",51.509648,-0.099076,success
"Uppsala, Sweden",60.197663,17.742031,doubt
"Volgograd, Russia",48.725589,44.490645,success
"Bucureşti, România",failed,failed,failed
"Mannheim, Germany",49.488789,8.492765,success
"Le Mans, France",47.986684,0.200717,success
"Ontario, Canada",51.451405,-85.835963,success
Bolivia,-16.640652,-64.661928,success
"Nyckelsjˆn, Sweden",59.087735,16.866144,doubt
"England, United Kingdom",52.594310,-1.461208,doubt
"The Ivory, Moira, Northern Ireland, United Kingdom",54.478035,-6.229168,doubt
France,46.698481,2.549047,success
"Tamil Nadu, India",11.052213,78.408526,doubt
United States,39.715956,-96.999668,success
"Newcastle upon Tyne, England, United Kingdom",55.009551,-1.668049,doubt
"Stirling, Scotland, United Kingdom",56.281067,-4.436736,doubt
United Kingdom,52.418788,-1.247349,success
Indonesia,-1.003189,101.972332,success
United Kingdom,52.418788,-1.247349,success
"Troia, Italy",41.367903,15.324638,success
"Iowa, USA",42.039943,-93.500069,success
"Perth, WA, Australia",-31.960773,115.834088,success
"8 Soola, Tartu, Estonia",58.378567,26.730928,success
"Republikanska, Pomorie, Bulgaria",42.573189,27.615433,doubt
Saudi Arabia,23.806678,44.700847,success
"Kent, OH, USA",41.149026,-81.360418,success
"London, England, United Kingdom",51.509648,-0.099076,success
"Versailles, France",48.805711,2.143190,success
Null Island,0.000003,0.000010,doubt
"Arica and Parinacota, Chile",-18.508859,-69.514033,doubt
"Better World Books - Goshen, Goshen, IN, USA",41.584461,-85.834670,doubt
"Nairobi, Kenya",-1.283330,36.816670,success
"Saint-Denis, France",48.932182,2.355027,doubt
"Guadalajara, Mexico",20.673618,-103.351266,success
FR-94160 Saint-Mandé,failed,failed,failed
"Nagercoil, India",8.183039,77.414895,success
"New York, NY, USA",40.682950,-73.970800,success
Germany,51.196755,9.627430,success
"4 Rue Val Marie, Montpellier, France",43.618857,3.889105,doubt
Bhutan,27.454772,89.925610,success
"Southern Ute, CO, USA",37.082506,-107.589916,success
"City of Southampton, England, United Kingdom",50.915250,-1.386803,doubt
"Toronto, ON, Canada",43.648770,-79.381710,success
"Zapopan, Mexico",20.701353,-103.431316,success
"Hong Kong, Hong Kong",22.285520,114.157690,doubt
"Kentucky, USA",37.696825,-84.924095,success
"London, Calgary, AB, Canada",50.975043,-114.073676,success
Germany,51.196755,9.627430,doubt
"Scotland, United Kingdom",56.833010,-4.180209,doubt
Italy,44.732552,11.077303,success
"Nottinghamshire, England, United Kingdom",53.146366,-0.984044,doubt
"Raleigh, NC, USA",35.795543,-78.644390,success
Denmark,55.966966,9.018163,success
"Oxfordshire, England, United Kingdom",51.780670,-1.386530,doubt
"Helsinki, Finland",60.207870,24.999350,success
"Toulouse, France",43.603902,1.440694,success
"Espoo, Finland",60.209560,24.651040,success
"Ithaca, NY, USA",42.443386,-76.505499,success
"Barcelona, Spain",41.400347,2.159592,success
"London, England, United Kingdom",51.509648,-0.099076,success
Chile,-38.165295,-72.288079,success
"Oakland, CA, USA",37.785199,-122.197811,success
Italy,44.732552,11.077303,success
"London, England, United Kingdom",51.509648,-0.099076,success
"England, United Kingdom",52.594310,-1.461208,doubt
"Montreal, QC, Canada",45.572744,-73.586295,success
"Grand Rapids, MI, USA",42.966709,-85.661973,success
Germany,51.196755,9.627430,success
"Brasil Del Mar, Mexico",14.622370,-92.316670,success
"Ocuituco, Mexico",18.880556,-98.780163,doubt
"University of Warwick Interchange, Kenilworth, England, United Kingdom",52.379583,-1.562626,doubt
"Fort Worth, TX, USA",32.729442,-97.331810,success
"Syracuse, NY, USA",43.043536,-76.148211,success
"Helsinge, Denmark",56.019708,12.197321,success
Singapore,1.357685,103.809380,success
"Mountain View, CA, USA",37.413921,-122.085078,success
"Tamizhagam, India",13.030109,80.203047,success
Trinidad and Tobago,10.435364,-61.264793,success
"Shropshire, England, United Kingdom",52.578490,-2.774848,doubt
"YouTube, San Bruno, CA, USA",37.628706,-122.425631,doubt
Kenya,0.543716,37.918308,success
France,46.698481,2.549047,doubt
"Cambridge, England, United Kingdom",52.204059,0.135671,success
"Calgary, AB, Canada",51.056508,-114.033822,success
"Ann Arbor, MI, USA",42.279731,-83.736923,success
"Belmont, MA, USA",42.395401,-71.179948,success
Africa,21.638471,3.924068,doubt
"City of Edinburgh, Scotland, United Kingdom",55.928260,-3.275582,doubt
"Preston, England, United Kingdom",53.774575,-2.701062,success
"Philadelphia, PA, USA",39.990821,-75.168428,success
"Oxford, NY, USA",42.403249,-75.591062,success
"Vaucluse, France",43.979616,5.223209,doubt
"Sacramento, CA, USA",38.578730,-121.466786,success
"The Rock Church and World, San Bernardino, CA, USA",34.059115,-117.278755,doubt
Switzerland,46.730219,7.509687,success
"Bremen, Germany",53.090260,8.852958,success
"Dijon, France",47.317743,5.037793,success
"New York, NY, USA",40.682950,-73.970800,success
"Fort William, Scotland, United Kingdom",56.818914,-5.103589,success
"Austin, TX, USA",30.222346,-97.836521,success
"Enschede, Netherlands",52.212261,6.881208,success
France,46.698481,2.549047,success
Netherlands,52.554205,5.501896,success
"Dublin, Ireland",53.339280,-6.281314,success
"Earth, TX, USA",34.233025,-102.409180,success
"Tartumaa, Estonia",58.372941,26.738843,doubt
"Hamburg, Germany",53.576158,10.007046,success
"Arona, Italy",45.757723,8.553225,doubt
"Accra Beach Hotel & Spa, Barbados",13.074324,-59.589897,success
"Cambridge, England, United Kingdom",52.204059,0.135671,success
Gijón,failed,failed,failed
"Shanghai, China",31.246027,121.483385,success
"Scotland, United Kingdom",56.833010,-4.180209,doubt
"Liverpool, England, United Kingdom",53.402639,-2.935346,doubt
Ireland,53.078731,-7.798618,success
"Santiago, Chile",-33.428532,-70.630133,success
"Lancashire, England, United Kingdom",53.888754,-2.672673,doubt
Netherlands,52.554205,5.501896,success
"Wisconsin, USA",44.356004,-89.466198,success
"Riga, Latvia",56.971149,24.142749,success
"Grantown-on-Spey, Scotland, United Kingdom",57.328598,-3.609860,success
"Wurundjeri Way, West Melbourne, VIC, Australia",-37.812150,144.945349,doubt
"Perth, WA, Australia",-31.960773,115.834088,success
"Freiburg im Breisgau, Germany",47.998194,7.834283,success
"Freiburg im Breisgau, Germany",47.998194,7.834283,success
"Madrid, Spain",40.429913,-3.669245,success
"Melbourne, VIC, Australia",-37.825071,144.978682,success
"Munich, Calama, Chile",-22.452023,-68.941281,doubt
"London, England, United Kingdom",51.509648,-0.099076,success
"ButwÂl, Nepal",27.700550,83.448360,success
"Wakefield, England, United Kingdom",53.661245,-1.407684,doubt
"London, England, United Kingdom",51.509648,-0.099076,success
"London, England, United Kingdom",51.509648,-0.099076,success
"Lubelskie, Poland",51.254167,22.876125,doubt
"Burscough, England, United Kingdom",53.597510,-2.839334,success
"Canton of Geneva, Switzerland",46.195930,6.128052,doubt
Sweden,65.859144,19.017205,success
"Utrecht, Netherlands",52.072602,5.181058,doubt
www.cartapaname.fr,failed,failed,failed
"Northern Territory, Australia",-19.488357,133.438712,success
Germany,51.196755,9.627430,success
"Manila, KY, USA",37.842870,-82.915440,doubt
Kugane,failed,failed,failed
Poland,51.899304,20.388926,success
"Las Palmas, Spain",28.115784,-15.439151,success
Netherlands,52.554205,5.501896,success
"Vienna, Austria",48.198674,16.348388,success
"Guildford, England, United Kingdom",51.249108,-0.587661,success
"Hamburg, Germany",53.576158,10.007046,success
"Fareham, England, United Kingdom",50.853966,-1.191620,success
France,46.698481,2.549047,success
"Rennes, France",48.110805,-1.665857,success
"London, England, United Kingdom",51.509648,-0.099076,success
"Dublin, Ireland",53.339280,-6.281314,success
"Tamizhagam, India",13.030109,80.203047,success
"Stevenage, England, United Kingdom",51.907148,-0.192704,success
"Asheville, NC, USA",35.589294,-82.554791,success
"Reserva natural Ibiza Barcelona, Barcelona, Spain",41.387495,2.172127,success
"Lucerne, Switzerland",47.092982,8.076930,doubt
"Brisbane, QLD, Australia",-27.469309,153.026164,success
"Hamburg, Germany",53.576158,10.007046,success
Israel,30.902941,34.860794,success
"Too Much, Argentina",-34.659045,-58.663461,doubt
"Kuwaiti Egyptian Exchange, Kuwait",29.333932,48.057228,doubt
"Pirkanmaa, Finland",61.708766,23.673573,doubt
"Northampton, England, United Kingdom",52.258125,-0.855821,success
"Inverness, Scotland, United Kingdom",57.479549,-4.237208,success
"London, England, United Kingdom",51.509648,-0.099076,success
Germany,51.196755,9.627430,doubt
東京都中野区東中野4-2-3,failed,failed,failed
"Norfolk, England, United Kingdom",52.682784,0.933759,doubt
Denmark,55.966966,9.018163,success
"Paris, France",48.859116,2.331839,success
"Antwerpen, Belgium",51.222805,4.655059,doubt
"London, England, United Kingdom",51.509648,-0.099076,success
"Le Nant Debout, La Balme-De-Thuy, France",45.900923,6.287043,doubt
"Helsinki, Finland",60.207870,24.999350,success
"Tokyo, Japan",35.695126,139.753910,success
Estonia,58.722853,25.867131,success
"Perth, Scotland, United Kingdom",56.395704,-3.435877,success
Madagascar,-18.628414,46.704055,success
"Hamburg, Germany",53.576158,10.007046,success
"Merced, CA, USA",37.331751,-120.472344,success
"Dublin, Ireland",53.339280,-6.281314,success
"Paris, France",48.859116,2.331839,success
"Sleman, Indonesia",-7.689272,110.351332,success
"Eksjö, Sweden",failed,failed,failed
"Hamburg, Germany",53.576158,10.007046,success
Israel,30.902941,34.860794,success
"Wellington Region, New Zealand",-41.281385,175.329020,doubt
"San Francisco, CA, USA",37.778008,-122.431272,success
"1520 Avenida México, Puente Alto, Chile",-33.594949,-70.559009,doubt
"Tshwane, South Africa",-25.743706,28.259675,success
"Helsinki, Finland",60.207870,24.999350,success
"Clermont-Ferrand, France",45.784832,3.114432,success
"Earth, TX, USA",34.233025,-102.409180,success
"Christchurch City, New Zealand",-43.737208,172.759210,doubt
Bangladesh,24.045958,90.032723,success
"Perth, WA, Australia",-31.960773,115.834088,success
"Halifax, NS, Canada",44.645330,-63.572390,success
"Alpha Centauri Real Estate, Bahrain",26.115794,50.574431,doubt
"San Francisco, CA, USA",37.778008,-122.431272,success
"Pullman, WA, USA",46.735921,-117.164305,success
Brazil,-11.928923,-49.542449,success
"Guadalajara, Mexico",20.673618,-103.351266,success
"Delft, Netherlands",52.005926,4.360402,success
"Richmond, VA, USA",37.519231,-77.473927,success
"Variable, Brussel, Belgium",50.827928,4.368933,doubt
"Mexico City, Berlin, Germany",52.457749,13.319523,doubt
"Redlands, CA, USA",34.046796,-117.174269,success
"Amsterdam, Netherlands",52.372430,4.899730,success
"Philadelphia, PA, USA",39.990821,-75.168428,success
"City of Edinburgh, Scotland, United Kingdom",55.928260,-3.275582,doubt
"San Jose, CA, USA",37.354559,-121.883844,success
"Richmond, VA, USA",37.519231,-77.473927,success
"Nantes, France",47.228973,-1.554004,success
"St. Paul, MN, USA",44.953040,-93.090130,success
"St. Paul, MN, USA",44.953040,-93.090130,success
"Raleigh, NC, USA",35.795543,-78.644390,success
Honduras,14.762778,-86.920196,success
"Denver, CO, USA",39.740959,-104.985798,doubt
"Wellington Region, New Zealand",-41.281385,175.329020,doubt
"Huntsville, AL, USA",34.756007,-86.616034,success
"Sydney, NSW, Australia",-34.035875,151.194191,success
"Burlington, VT, USA",44.481922,-73.227342,success
"England, United Kingdom",52.594310,-1.461208,doubt
"San Diego, CA, USA",32.727930,-117.155290,success
"Verneuil-sur-Avre, France",48.740688,0.925749,success
"Uberlândia, Brasil",failed,failed,failed
Mexico,23.920061,-102.289691,success
"London, England, United Kingdom",51.509648,-0.099076,success
"Portland, OR, USA",45.533467,-122.650095,success
"El Salto, Mexico",20.534333,-103.241203,doubt
"Los Mochis, Mexico",25.790874,-108.995606,success
Netherlands,52.554205,5.501896,success
"Bremen, Germany",53.029599,8.731851,success
"Madison, WI, USA",43.081309,-89.395609,success
Chile,-38.165295,-72.288079,success
"Oregon, USA",43.854178,-120.526709,success
"Buenos Aires, Argentina",-34.607357,-58.454595,success
"Forever Green, USA",30.646337,-84.789611,success
"Detroit, MI, USA",42.398649,-83.164515,success
"London, England, United Kingdom",51.509648,-0.099076,success
"New York, NY, USA",40.682950,-73.970800,success
Czechia,49.882330,15.377705,success
Angoulême,failed,failed,failed
"Global, Rio de Janeiro, Brazil",-22.924571,-43.177179,doubt
"Mar del Plata, Argentina",-38.395722,-60.272854,success
"St. Petersburg, FL, USA",27.759293,-82.622172,success
"Zaragoza, Spain",41.646481,-0.887553,success
"At Home, Suttons Bay, MI, USA",44.978131,-85.650107,doubt
"Community of Madrid, Spain",40.495070,-3.717014,doubt
"Barcelona, Spain",41.400347,2.159592,success
"Global, Rio de Janeiro, Brazil",-22.924571,-43.177179,doubt
France,46.698481,2.549047,doubt
"Mumbai, India",19.101090,72.875449,success
United Kingdom,52.418788,-1.247349,success
"Atelier, Germany",49.268514,8.470840,doubt
"Sheffield, England, United Kingdom",53.390826,-1.468485,success
"Jalisco, Mexico",20.448830,-103.644011,success
"Central, Lynn, MA, USA",42.463848,-70.956770,doubt
"Toscany, Italy",43.450842,11.126243,doubt
Greece,39.783310,21.708535,success
"Maceió, Brasil",failed,failed,failed
"Vancouver, BC, Canada",49.281900,-123.118740,success
"5750 San José, Santiago, Chile",-33.507728,-70.651309,doubt
"Toulouse, France",43.603902,1.440694,success
"Santiago, Spain",42.883508,-8.540282,doubt
"Seattle, WA, USA",47.673455,-122.331537,success
"Brussels, Belgium",50.733183,4.436117,success
"San Salvador, El Salvador",13.689350,-89.187180,success
"Barcelona, Spain",41.400347,2.159592,success
"Paris, France",48.859116,2.331839,success
France,46.698481,2.549047,doubt
"Corrientes, Argentina",-28.684571,-57.799607,doubt
"Tabasco, Mexico",18.043119,-92.617504,success
"Haugesund, Norway",59.412257,5.287575,success
"County Durham, England, United Kingdom",54.654624,-1.961689,doubt
"Izhevsk, Russia",56.851920,53.232970,success
"Bodenseegymnasium, Lindau, Germany",47.559127,9.695383,doubt
"San Francisco, CA, USA",37.778008,-122.431272,success
"Chicago, IL, USA",41.878970,-87.660630,success
"Amsterdam, Netherlands",52.372430,4.899730,success
"Wellington Region, New Zealand",-41.281385,175.329020,doubt
"Munich, Germany",48.152126,11.544467,success
"Ile-of-France, France",48.709279,2.503397,doubt
"Helsinki, Finland",60.207870,24.999350,success
"Dar es Salaam, Tanzania",-6.812580,39.274749,success
"Paris, France",48.859116,2.331839,success
"Kampala, Uganda",0.316280,32.582190,success
"Toulouse, France",43.603902,1.440694,success
Indonesia,-1.003189,101.972332,success
"Euskal Herria, Algorta, Spain",43.348812,-3.009471,success
"Zion, Israel",31.769040,35.216330,success
"Atlanta, GA, USA",33.769805,-84.414581,success
"Somewhere Over There, BC, Canada",49.727670,-123.084023,success
"Wikwemikong Unceded Indian Reserve No. 26, ON, Canada",45.727305,-81.715131,success
"Galaxia Del Carmen I, Playa del Carmen, Mexico",20.653102,-87.078858,doubt
Ukraine,49.219469,33.023452,success
"El Kala, Algeria",36.895560,8.443330,success
"Westminster, CO, USA",39.887119,-105.049309,success
"Culiacán, Sinaloa",failed,failed,failed
"Los Angeles, CA, USA",34.055130,-118.257030,success
Brazil,-11.928923,-49.542449,success
"Ciudad Deportiva, Cartagena, Spain",37.620829,-0.950610,doubt
"1520 Avenida México, Puente Alto, Chile",-33.594949,-70.559009,doubt
"New York, NY, USA",40.682950,-73.970800,success
"San Francisco, CA, USA",37.778008,-122.431272,success
"Madison, WI, USA",43.081309,-89.395609,success
"District of Columbia, USA",38.912097,-77.014683,doubt
"Austin, TX, USA",30.222346,-97.836521,success
"Los Angeles, CA, USA",34.055130,-118.257030,success
"Culiacán, Sinaloa",failed,failed,failed
"Mentone, AL, USA",34.566854,-85.582247,success
"District of Columbia, USA",38.912097,-77.014683,doubt
"Toronto, ON, Canada",43.648770,-79.381710,success
"Santa Cruz de la Sierra, Bolivia",-17.788573,-63.186492,doubt
"Rhein-Neckar-Kreis , Germany",49.299319,8.814371,success
Nicaragua,12.793313,-85.039545,success
"Les varies, Trebedan, France",48.406752,-2.170572,success
"San Francisco, CA, USA",37.778008,-122.431272,success
"Redlands, CA, USA",34.046796,-117.174269,success
"Tucson, AZ, USA",32.197090,-110.828987,success
"New York, NY, USA",40.682950,-73.970800,success
"Tartumaa, Estonia",58.372941,26.738843,doubt
"Planet Earth, India",12.883106,77.750168,success
"Flemington, NJ, USA",40.508425,-74.860293,success
"Schleswig-Holstein, Germany",54.064546,9.713017,doubt
United States,39.715956,-96.999668,doubt
"Chihuahua, Mexico",28.906268,-106.469586,success
"Amherst, MA, USA",42.364243,-72.506064,success
"Leisure World, MD, USA",39.102668,-77.069189,doubt
"Chandler, AZ, USA",33.310045,-111.861363,success
"Yakima, WA, USA",46.593247,-120.547823,success
"Cambridge, MA, USA",42.380360,-71.115987,success
"London, England, United Kingdom",51.509648,-0.099076,success
"Bloomington, IN, USA",39.207854,-86.520118,success
"Sunset Park, Paris, IL, USA",39.613924,-87.708082,doubt
"Accra, Ghana",5.556020,-0.196900,success
"Stavanger, Norway",58.943598,5.714572,success
"Macomb, IL, USA",40.463419,-90.670896,success
"Tartumaa, Estonia",58.372941,26.738843,doubt
"London, England, United Kingdom",51.509648,-0.099076,success
"Anywhere cafe & travel, Taipei, Taiwan",25.059262,121.534174,doubt
"Stanford, CA, USA",37.425888,-122.165288,success
"Anarchy, Doncaster, England, United Kingdom",53.522238,-1.134641,doubt
"Shillong, India",25.575272,91.888212,success
"Amsterdam, Netherlands",52.372430,4.899730,success
"New York, NY, USA",40.682950,-73.970800,doubt
"Mumbai, India",19.101090,72.875449,success
"Jammu and Kashmir, Pakistan",34.694564,75.735774,success
Singapore,1.357685,103.809380,success
"Portland, OR, USA",45.533467,-122.650095,success
"Galway, Ireland",53.621108,-10.207228,doubt
"Bellingham, WA, USA",48.764218,-122.468178,success
Finland,63.252357,27.276469,success
"Boulder, CO, USA",40.016412,-105.259703,doubt
"UAE, Oman",23.605743,58.430889,success
"ABQ Luggage and Zipper Repair, Albuquerque, NM, USA",35.077665,-106.594989,doubt
"East Lothian, Scotland, United Kingdom",55.948584,-2.726664,doubt
"Madrid, Spain",40.429913,-3.669245,success
"Michigan, USA",43.924812,-84.633107,doubt
"Leipzig, Germany",51.341053,12.404024,success
"England, United Kingdom",52.594310,-1.461208,doubt
"Varkaus, Finland",62.313188,27.859919,success
"Wisconsin, USA",44.356004,-89.466198,success
"Bournemouth, England, United Kingdom",50.740189,-1.864966,doubt
"London, England, United Kingdom",51.509648,-0.099076,success
Switzerland,46.730219,7.509687,success
"France, ID, USA",43.972410,-111.275230,doubt
"Buenos Aires, Argentina",-34.607357,-58.454595,success
"Connecticut, USA",41.580163,-72.756629,success
"Distrito Federal, Brazil",-15.775260,-47.797292,success
"Pocumtuck, Deerfield, MA, USA",42.544802,-72.603947,success
"Philadelphia, PA, USA",39.990821,-75.168428,success
"Helsinki, Finland",60.207870,24.999350,success
"Barcelona, Spain",41.400347,2.159592,doubt
"Amsterdam, Netherlands",52.372430,4.899730,success
Czechia,49.882330,15.377705,success
"Nairobi, Kenya",-1.283330,36.816670,success
"Copenhagen, Denmark",55.704438,12.502119,success
"She her style, Ludwigshafen am Rhein, Germany",49.482496,8.446392,success
"Lisbon, Portugal",38.748243,-9.140093,success
"37, 174, Cuba",23.100808,-82.375873,doubt
"Frankfurt, Germany",50.041821,8.584764,success
"Enschede, Netherlands",52.212261,6.881208,success
Tanzania,-5.869032,34.800732,success
"Marana, AZ, USA",32.447371,-111.200479,success
"Tucherhof, Nuremberg, Germany",49.484625,11.090691,doubt
"Austin, TX, USA",30.222346,-97.836521,success
"Mexicali, Mexico",32.631342,-115.437638,success
"1520 Avenida México, Puente Alto, Chile",-33.594949,-70.559009,doubt
"New York, USA",43.408777,-74.871618,success
Chile,-38.165295,-72.288079,success
Canada,58.337470,-112.384858,doubt
"Denver, CO, USA",39.740959,-104.985798,doubt
"Cleveland, OH, USA",41.496551,-81.651330,success
"San Francisco, CA, USA",37.778008,-122.431272,success
Switzerland,46.730219,7.509687,doubt
"Florida, USA",27.977620,-81.769611,success
"London, England, United Kingdom",51.509648,-0.099076,success
Nepal,28.323184,83.603740,success
"Sheffield, England, United Kingdom",53.390826,-1.468485,success
Córdoba,failed,failed,failed
"Derbyshire, England, United Kingdom",53.119911,-1.604812,doubt
Pakistan,29.328493,68.546268,success
"Oakland, CA, USA",37.785199,-122.197811,success
"California, USA",36.531544,-119.586168,success
"City of Nottingham, England, United Kingdom",52.962779,-1.177659,doubt
"Poblenou, Barcelona, Spain",41.403393,2.202867,success
"Lancashire, England, United Kingdom",53.888754,-2.672673,doubt
Israel,30.902941,34.860794,success
Saudi Arabia,23.806678,44.700847,doubt
"Yorkshire, VA, USA",38.787236,-77.448996,success
"Trier, Thyrsusstraﬂe, Trier, Germany",49.767324,6.663908,doubt
"Redlands, CA, USA",34.046796,-117.174269,success
"Redlands, CA, USA",34.046796,-117.174269,success
"Saint Petersburg, Russia",59.911039,30.340232,success
"March, Switzerland",47.150315,8.904278,doubt
"Atlanta, GA, USA",33.769805,-84.414581,success
"Trier, Germany",49.750116,6.645776,success
"Manchester, England, United Kingdom",53.462761,-2.216665,doubt
"Lyon, France",45.752181,4.840823,success
"bbox:[-117.3,32.6,-116.5,33.1]",failed,failed,failed
"Tongeren, Belgium",50.783247,5.470595,success
"Alacant, Confrides, Spain",38.683725,-0.270930,doubt
Germany,51.196755,9.627430,success
"Bamako, Mali",12.650000,-8.000000,success
"Rochefort, France",45.944305,-0.968144,success
"CSS Kunststofftechnik, Germany",53.327795,9.824974,doubt
"Calabarzon, Philippines",13.935319,121.567271,doubt
"Leeds, England, United Kingdom",53.789944,-1.560632,success
"Burlington, VT, USA",44.481922,-73.227342,success
"Cambridge, MA, USA",42.380360,-71.115987,success
"Walldorf, Germany",49.307822,8.641450,success
"Grenoble, France",45.177879,5.718545,success
un-known,failed,failed,failed
"Cardiff, Wales, United Kingdom",51.503305,-3.169855,doubt
Ireland,53.078731,-7.798618,success
"London, England, United Kingdom",51.509648,-0.099076,success
"Pas-de-Calais, France",50.657650,1.937303,success
"End of the Rainbow Road, Breckinridge County, KY, USA",37.611288,-86.458921,success
"Granadilla, Spain",28.121240,-16.576149,success
"Distrito Federal, Brazil",-15.775260,-47.797292,success
"Kapiti Coast District, New Zealand",-40.864613,175.194020,success
"Baltimore, MD, USA",39.319732,-76.649533,success
"The Bluegrass, Racine, WI, USA",42.718520,-87.818899,success
"Ciudad Deportiva, Cartagena, Spain",37.620829,-0.950610,doubt
"St.Thomas, Germany",50.539794,6.904263,success
"San Francisco, CA, USA",37.778008,-122.431272,success
"England, United Kingdom",52.594310,-1.461208,doubt
"Canton of Geneva, Switzerland",46.195930,6.128052,doubt
"Scotland, United Kingdom",56.833010,-4.180209,doubt
"1520 Avenida México, Puente Alto, Chile",-33.594949,-70.559009,doubt
"Camden Town, London, England, United Kingdom",51.539864,-0.143123,success
"Nairobi, Kenya",-1.283330,36.816670,success
"Fortaleza, Brazil",-29.729642,-51.568974,success
"Colorado, USA",38.996664,-105.547822,success
Colombia,3.420497,-73.166783,success
"Auckland, New Zealand",-36.905451,174.672404,success
"Colorado, USA",38.996664,-105.547822,success
"Berkeley, CA, USA",37.865832,-122.297864,success
"Scotland, United Kingdom",56.833010,-4.180209,doubt
"Newcastle upon Tyne, England, United Kingdom",55.009551,-1.668049,doubt
"Earth, TX, USA",34.233025,-102.409180,success
"London, England, United Kingdom",51.509648,-0.099076,success
"Madrid, Spain",40.429913,-3.669245,success
"Krakow, Poland",50.052652,19.987345,success
"Graz, Austria",47.065852,15.432739,success
"Manchester, England, United Kingdom",53.462761,-2.216665,doubt
Saudi Arabia,23.806678,44.700847,success
"Ile-of-France, France",48.709279,2.503397,doubt
"Paris, France",48.859116,2.331839,success
"Helsinki, Finland",60.207870,24.999350,success
"Moscow, Russia",55.741469,37.615561,success
"Corvallis, OR, USA",44.577978,-123.274047,success
"Freiburg im Breisgau, Germany",47.998194,7.834283,success
Switzerland,46.730219,7.509687,doubt
"Vancouver, WA, USA",45.632518,-122.543137,success
"K1J 9K2, Ottawa, ON, Canada",45.454874,-75.601160,doubt
"Loja, Ecuador",-4.116685,-79.597630,doubt
"Oakland, CA, USA",37.785199,-122.197811,success
"Chad - Cameroon oil pipeline, Cameroon",4.862753,13.113761,doubt
"Olympia, WA, USA",47.047456,-122.896902,success
rendilo.fori.oggetti,failed,failed,failed
"New York, NY, USA",40.682950,-73.970800,success
"South Lanarkshire, Scotland, United Kingdom",55.615820,-3.804251,doubt
"Glenrothes, Scotland, United Kingdom",56.180632,-3.179161,success
"Rio de Janeiro, Brazil",-22.935024,-43.518246,success
"Grenoble, France",45.177879,5.718545,success
"San Francisco, CA, USA",37.778008,-122.431272,success
"Austin, TX, USA",30.222346,-97.836521,success
"Bedford, England, United Kingdom",52.183762,-0.473722,doubt
"Bogor, Indonesia",-6.408106,106.583521,success
"Mayotte, France",-12.774755,45.151319,doubt
"York, England, United Kingdom",53.953683,-1.064349,doubt
"Sydney, NSW, Australia",-34.035875,151.194191,success
"Calgary Chair, Biwabik, MN, USA",47.574743,-92.306882,doubt
"Newcastle upon Tyne, England, United Kingdom",55.009551,-1.668049,doubt
"1520 Avenida México, Puente Alto, Chile",-33.594949,-70.559009,doubt
"Hamburg, Germany",53.576158,10.007046,success
Sao Tome and Principe,0.252119,6.600203,doubt
"Kaneohe, HI, USA",21.405720,-157.789396,success
"Goa, India",15.353196,74.104396,success
"Sonora, Mexico",29.746093,-110.573384,doubt
"Provo, UT, USA",40.234331,-111.661088,success
"Novi Sad, Serbia",45.251670,19.836940,success
"Ontario, Canada",51.451405,-85.835963,doubt
"Jeddah, Saudi Arabia",21.516940,39.219170,doubt
"Centro Comercial Corea˙, Mondubim, Brazil",-3.798523,-38.549958,success
Guanajuato-Zacatecas ,failed,failed,failed
"Toulouse, France",43.603902,1.440694,success
United Kingdom,52.418788,-1.247349,success
"Sydney, NSW, Australia",-34.035875,151.194191,success
"Planetenlaan, Dordrecht, Netherlands",51.786453,4.675568,doubt
Germany,51.196755,9.627430,success
"Dublin, Ireland",53.339280,-6.281314,success
"Limburg, Netherlands",51.234821,5.938683,success
"Saint-Etienne, France",45.438474,4.397111,success
Senegal,15.138550,-14.768082,success
"Denver, CO, USA",39.740959,-104.985798,success
United States,39.715956,-96.999668,success
"Houston, TX, USA",29.784753,-95.361416,success
Italy,44.732552,11.077303,success
"Vernon, BC, Canada",50.215920,-119.388302,success
Czechia,49.882330,15.377705,doubt
"Canton of Zurich, Switzerland",47.390129,8.661000,doubt
Canada,58.337470,-112.384858,success
"Linz, Austria",48.265721,14.314780,success
"Madrid, Spain",40.429913,-3.669245,success
"Sonora, CA, USA",37.981314,-120.382499,success
"Washington, USA",47.372269,-120.592340,doubt
"Vancouver, BC, Canada",49.281900,-123.118740,success
"Boston, MA, USA",42.355492,-71.048611,success
"Toronto, ON, Canada",43.648770,-79.381710,success
"City of Southampton, England, United Kingdom",50.915250,-1.386803,doubt
United Kingdom,52.418788,-1.247349,success
"Bangalore, India",12.965570,77.606250,success
"Hamburg, Germany",53.576158,10.007046,success
"Bucureşti, România",failed,failed,failed
"Leh, Pakistan",34.165040,77.584020,success
"Vienna, Austria",48.198674,16.348388,success
"Wembury, England, United Kingdom",50.330099,-4.079876,success
"Firozpur, India",30.933159,74.616196,doubt
"Portalegre, Portugal",39.292373,-7.610197,doubt
"Cuenca, Ecuador",-2.900540,-79.004530,success
"South Carolina, USA",33.702857,-80.627523,success
"Camden Town, London, England, United Kingdom",51.539864,-0.143123,success
Colombia,3.420497,-73.166783,success
"San Francisco, CA, USA",37.778008,-122.431272,success
United States,39.715956,-96.999668,success
"Helsinki, Finland",60.207870,24.999350,success
"Lake Placid, FL, USA",27.296657,-81.365463,success
"Glas, Salzburg, Austria",47.783094,13.090135,success
Colombia,3.420497,-73.166783,success
"Normandie, Sea Bright, NJ, USA",40.370804,-73.974130,doubt
"San Francisco, CA, USA",37.778008,-122.431272,success
"Surry, Sussex and Southampton Railway, Scotland, VA, USA",37.183800,-76.789642,doubt
"Tokyo, Japan",35.695126,139.753910,success
Netherlands,52.554205,5.501896,success
"R?mban, Pakistan",33.238687,75.239868,success
"Hamburg, Germany",53.576158,10.007046,success
"L'Aquila, Italy",42.055818,13.592935,doubt
"Canton of Geneva, Switzerland",46.195930,6.128052,doubt
"Heidelberg, Germany",49.412388,8.681247,success
"Special Region of Yogyakarta, Indonesia",-7.786164,110.399303,success
"Detroit, MI, USA",42.398649,-83.164515,doubt
"Sand, France",48.383201,7.612820,success
"Coventry, RI, USA",41.693315,-71.660787,success
"Visalia, CA, USA",36.330511,-119.307288,success
"Copenhagen, Denmark",55.704438,12.502119,success
"Greensboro, NC, USA",36.093163,-79.844260,success
"Tromsa, Norway",61.443723,10.483198,doubt
"New Orleans, LA, USA",30.056708,-89.889852,success
"Hackney, London, England, United Kingdom",51.545361,-0.056455,doubt
"Nancy, France",48.690303,6.178289,success
"Athens, Greece",37.988579,23.728541,success
"0 Francisco Flores, San Juan Zitlaltepec, Mexico",19.816951,-99.147519,doubt
"Futa, Angola",-11.133443,14.854195,success
"Fareham, Warren, NSW, Australia",-30.900150,147.233049,doubt
"Châteauroux-les-Alpes, Alpes !",failed,failed,failed
"Haderslev, Denmark",55.251911,9.492989,success
"Chalon-sur-SaÙne, France",46.792753,4.851842,success
"The Towers, Dickenson County, VA, USA",37.279276,-82.295699,doubt
"Auckland, New Zealand",-36.905451,174.672404,success
United Kingdom,52.418788,-1.247349,success
"College Station, TX, USA",30.589787,-96.294573,success
"Stockholm, Sweden",59.275254,18.035164,success
"Alessandria, Italy",44.806012,8.717680,doubt
"Rodovia BrasÌlia - Fortaleza, Campos Belos, Brazil",-4.033140,-38.993215,doubt
"District of Columbia, USA",38.912097,-77.014683,doubt
"San Francisco, CA, USA",37.778008,-122.431272,success
"California, USA",36.531544,-119.586168,success
"Cambridge, MA, USA",42.380360,-71.115987,success
0x23A...4c29,failed,failed,failed
"Dobrich, Bulgaria",43.634170,27.917236,doubt
"Nyack, NY, USA",41.092043,-73.914332,success
"Sarawak, Malaysia",2.527573,113.772657,success
"Princesa Isabel, Brazil",-7.737850,-37.991486,success
"England, United Kingdom",52.594310,-1.461208,doubt
"Riddermark bil, Stockholm, Sweden",59.405523,17.861421,doubt
"Los Angeles, CA, USA",34.055130,-118.257030,success
India,22.412321,79.132924,success
"Planet Earth, India",12.883106,77.750168,doubt
"Quito, Ecuador",-0.229850,-78.524950,success
"Pirkanmaa, Finland",61.708766,23.673573,doubt
"Tartumaa, Estonia",58.372941,26.738843,doubt
"Pico Preto, Goiabeiras, Brazil",-20.508548,-29.313077,doubt
"Occitania, France",43.620178,2.144662,doubt
"939 - Madrid, Argentina",-34.558804,-58.607636,doubt
"City of Edinburgh, Scotland, United Kingdom",55.928260,-3.275582,doubt
"Balaton, Hungary",48.095437,20.306638,success
"Vaasa, Finland",63.097908,21.639103,success
"District of Columbia, USA",38.912097,-77.014683,doubt
DM04,failed,failed,failed
Brazil,-11.928923,-49.542449,success
New Zealand,-45.175323,169.232531,success
"Iowa, USA",42.039943,-93.500069,success
"Rome, Italy",41.878243,12.528090,success
"Portland, OR, USA",45.533467,-122.650095,success
"San Francisco, CA, USA",37.778008,-122.431272,success
United Kingdom,52.418788,-1.247349,success
"Helsinki, Finland",60.207870,24.999350,success
"New York, NY, USA",40.682950,-73.970800,success
"Guarulhos, Brazil",-23.402390,-46.497050,success
"Toulouse, France",43.603902,1.440694,success
"Lingating, Philippines",8.331670,124.628890,doubt
"Berlin, Germany",52.520450,13.407320,success
"London, England, United Kingdom",51.509648,-0.099076,success
"Rennes, France",48.110805,-1.665857,success
"Anaheim, CA, USA",33.824150,-117.897707,success
Chad,15.210020,18.769240,doubt
France,46.698481,2.549047,doubt
"Puebla City, Mexico",19.051201,-98.212116,doubt
"Leisure World, MD, USA",39.102668,-77.069189,doubt
"State University of New York College at Brockport, Brockport, NY, USA",43.209787,-77.951407,doubt
"Xochimilco, Mexico City, Mexico",19.254115,-99.110634,success
"Planetariumlaan, Antwerp, Belgium",51.155880,4.389482,doubt
"Far North Region, Cameroon",10.661389,14.452129,doubt
"Canton of Zurich, Switzerland",47.390129,8.661000,doubt
"Beijing, China",39.937967,116.417592,success
"Juneau, AK, USA",58.503052,-134.249544,success
"Milano, Negreira, Spain",42.910182,-8.735100,success
"Berlin, Germany",52.520450,13.407320,success
United States,39.715956,-96.999668,success
Freedom-Day Fiefdom ,failed,failed,failed
"Columbia, MD, USA",39.199038,-76.841517,success
"Accra, Ghana",5.556020,-0.196900,success
"Grantown-on-Spey, Scotland, United Kingdom",57.328598,-3.609860,success
"Lagos, Nigeria",6.550449,3.574901,doubt
"Tartumaa, Estonia",58.372941,26.738843,doubt
"Kingston St. John, Jamaica",17.975224,-76.787568,doubt
lacortezasideral GironAiMés,failed,failed,failed
United States,39.715956,-96.999668,success
"Portland, OR, USA",45.533467,-122.650095,success
United States,39.715956,-96.999668,success
"Temecula, CA, USA",33.503150,-117.124007,success
"Utah, USA",39.098999,-111.878816,success
"PKK Ortado?u ?ehitli?i, Syria",33.619740,35.987864,doubt
Slovakia,48.752408,19.201811,doubt
"Berlin, Germany",52.520450,13.407320,success
"District of Columbia, USA",38.912097,-77.014683,doubt
"Trondheim, Norway",63.412235,10.411357,success
"Cleveland, OH, USA",41.496551,-81.651330,success
"The Territories, Newberry County, SC, USA",34.284980,-81.737345,doubt
"Norwich, England, United Kingdom",52.650229,1.294508,success
"Woods Hole, MA, USA",41.528337,-70.664512,success
"Vermont, USA",44.211857,-72.681238,success
"Athens, GA, USA",33.957590,-83.358855,success
Asia,49.512481,94.464337,doubt
"Ch‚teau de Badefols-d'Ans, Badefols-d'Ans, France",45.230376,1.196447,doubt
"Tartumaa, Estonia",58.372941,26.738843,doubt
Saudi Arabia,23.806678,44.700847,success
"Worldwide, Birmingham, England, United Kingdom",52.480835,-1.914235,success
"British Columbia, Canada",54.790277,-124.557003,success
"Santiago, Chile",-33.428532,-70.630133,success
Nepal,28.323184,83.603740,success
United States,39.715956,-96.999668,success
"Berlin, Germany",52.520450,13.407320,success
"cologne couture, Cologne, Germany",50.930735,6.917039,doubt
Moldova,47.435000,28.487904,doubt
"Outer Space, Leicester, England, United Kingdom",52.617113,-1.101289,doubt
Ukraine,49.219469,33.023452,success
"Media Markt-Mitarbeiterparkplatz, Aschaffenburg, Germany",49.978817,9.113174,success
"Coast Salish Tent, Colwood, BC, Canada",48.432970,-123.451179,doubt
"Kiel, Germany",54.322148,10.122597,success
GISLandia,failed,failed,failed
"Huddersfield, England, United Kingdom",53.649874,-1.783897,success
"Jeddah, Saudi Arabia",21.516940,39.219170,success
"Newcastle upon Tyne, England, United Kingdom",55.009551,-1.668049,doubt
Colombia,3.420497,-73.166783,success
"Freiburg im Breisgau, Germany",47.998194,7.834283,success
"Minnesota, USA",46.636360,-94.579641,success
"Gdynia, Poland",54.543184,18.499158,success
South Africa,-29.708985,23.666291,success
"Hatfield, Tshwane, South Africa",-25.747321,28.241277,success
Colombia,3.420497,-73.166783,doubt
Yopougon ,failed,failed,failed
Georgia,41.870087,43.735725,doubt
"United States, Philippines",14.485725,121.021894,doubt
"Leipzig, Germany",51.341053,12.404024,success
"Toulouse, France",43.603902,1.440694,success
"Jardan, Yemen",15.162107,46.649407,doubt
"YYC, Calgary, AB, Canada",51.122236,-114.006687,success
"Preston, England, United Kingdom",53.774575,-2.701062,success
"Thessaloniki, Greece",40.656485,22.937343,success
"Escuela ""PenÌnsula de Santa Elena, Ecuador",-4.434700,-79.573878,doubt
Spain,40.090950,-3.464618,success
"Seattle, WA, USA",47.673455,-122.331537,success
"Belfast, ME, USA",44.426275,-69.027465,success
Europe,55.859135,39.579995,doubt
"Glacier View, AK, USA",61.864526,-147.809738,success
United Kingdom,52.418788,-1.247349,success
United States,39.715956,-96.999668,success
Bulgaria,42.501868,25.176846,success
"Helsinki, Finland",60.207870,24.999350,success
"Charlotte, NC, USA",35.195340,-80.817110,success
"Brittany, France",48.177656,-2.839708,doubt
"Aucune idÈe, Clamart, France",48.800111,2.262233,doubt
"Exeter, England, United Kingdom",50.721796,-3.510362,success
"Hamburg, Germany",53.576158,10.007046,success
United Kingdom,52.418788,-1.247349,success
Czechia,49.882330,15.377705,success
"Madrid, Spain",40.429913,-3.669245,success
"Rome, Italy",41.878243,12.528090,success
"Bandung Regency, Indonesia",-7.173881,107.684612,success
"3 Bundesplatz, Berne, Switzerland",46.946775,7.444192,success
"789 Avenida Itzocan, Puebla, Mexico",32.564729,-115.336545,doubt
Jeddah.KSA,failed,failed,failed
"Utrecht, Netherlands",52.072602,5.181058,doubt
Azerbaijan,40.402387,47.210994,success
"Megalopolis, Greece",37.402244,22.136987,success
"San Francisco, CA, USA",37.778008,-122.431272,success
"Piedmont, Italy",45.060520,7.923222,doubt
"Ciudad de Buenos Aires, Buenos Aires, Argentina",-34.614305,-58.525836,doubt
"Madrid, Spain",40.429913,-3.669245,success
"Fondettes, France",47.396541,0.601627,success
"Loja, Ecuador",-4.116685,-79.597630,doubt
"Crypto Communications, Davis, CA, USA",38.542368,-121.743901,doubt
"Lilongwe, Malawi",-13.966920,33.787250,success
"Hamm, Germany",51.674274,7.821892,success
"Akure, Nigeria",7.252560,5.193120,success
"Stanford, CA, USA",37.425888,-122.165288,success
"Oslo, Norway",59.914112,10.801020,success
"Aix-en-Provence, France",43.526046,5.444670,success
"Melbourne, VIC, Australia",-37.825071,144.978682,success
"Brussels, Belgium",50.733183,4.436117,success
Latvia,57.066890,25.458464,success
Colombia,3.420497,-73.166783,doubt
"London, England, United Kingdom",51.509648,-0.099076,success
"Trondheim, Norway",63.412235,10.411357,success
"The Hague, Netherlands",52.071140,4.299160,success
"Cardiff, Wales, United Kingdom",51.503305,-3.169855,doubt
"Tartumaa, Estonia",58.372941,26.738843,doubt
JC4R+F5,failed,failed,failed
Iceland,64.779262,-18.673522,success
"The Super Scholar School System, Pakistan",33.894029,72.418978,success
"Nairobi, Kenya",-1.283330,36.816670,success
"Delft, Netherlands",52.005926,4.360402,success
"Sapporo-shi, Japan",43.080237,141.336707,success
Estonia,58.722853,25.867131,success
"Hayward Fire Tower, Hayward, WI, USA",46.002175,-91.407397,doubt
"PAUTA CDMX, Mexico City, Mexico",19.312209,-99.181229,doubt
United Kingdom,52.418788,-1.247349,success
"Vilnius, Lithuania",54.700902,25.251531,success
"Chester, England, United Kingdom",53.207393,-2.881343,success
"Ponferrada, Spain",42.495508,-6.574685,success
"Cuenca, Spain",39.948162,-2.195352,doubt
"Tshwane, South Africa",-25.743706,28.259675,success
"61 Derek Ln, Laplace, LA, USA",30.083091,-90.470638,doubt
"Iowa, USA",42.039943,-93.500069,success
"Cambridge, ON, Canada",43.422048,-80.327160,success
"Granada, Nicaragua",11.792831,-85.986779,success
Kenya,0.543716,37.918308,success
"Neutralstraﬂe, Welkenraedt, Belgium",50.661609,5.980517,doubt
"Novi Sad, Serbia",45.251670,19.836940,success
"Frankfurt, Germany",50.041821,8.584764,success
"Bayern, Germany",48.768814,11.658165,success
Switzerland,46.730219,7.509687,success
"London, England, United Kingdom",51.509648,-0.099076,success
"Famagusta, Cyprus",35.203880,33.748205,success
SmuleLaLaLand,failed,failed,failed
kampala_Ugandan ,failed,failed,failed
"Camden Town, London, England, United Kingdom",51.539864,-0.143123,success
"The Bay Area Metro Center, San Francisco, CA, USA",37.788046,-122.391117,success
New Zealand,-45.175323,169.232531,success
"?????????? a Space, Bangkok, Thailand",13.789591,100.588620,doubt
"Territory Peak, BC, Canada",49.360224,-117.361271,success
Austria,47.522617,14.143702,success
"Vienna, Austria",48.198674,16.348388,success
"Manchester, England, United Kingdom",53.462761,-2.216665,doubt
"Nice, France",43.713667,7.264625,success
"Valladolid, Spain",41.489063,-4.891670,doubt
"Granada, Spain",37.145463,-3.459597,doubt
Kenya,0.543716,37.918308,success
"Brisbane, QLD, Australia",-27.469309,153.026164,success
"Igadi, Tshwane, South Africa",-25.767500,28.296880,doubt
"Hamburg, Germany",53.576158,10.007046,success
Morocco,31.649504,-7.189711,success
Colombia,3.420497,-73.166783,doubt
Malta,35.888972,14.431432,doubt
Metaverse,failed,failed,failed
València (Spain),failed,failed,failed
Spain,40.090950,-3.464618,success
Avilés | Pamplona-Iruña,failed,failed,failed
Pakistan,29.328493,68.546268,success
Iceland,64.779262,-18.673522,success
"Berlin, Germany",52.520450,13.407320,doubt
"Wellington Region, New Zealand",-41.281385,175.329020,doubt
"Rueil-Malmaison, France",48.868439,2.176492,success
"The Pipes Resort, Cambodia",10.575618,103.311823,doubt
Singapore,1.357685,103.809380,success
"Crieff, Scotland, United Kingdom",56.374312,-3.842953,success
France,46.698481,2.549047,success
"Carles III - Les Corts, Barcelona, Spain",41.381836,2.128007,doubt
"London, England, United Kingdom",51.509648,-0.099076,success
"Barcelona, Spain",41.400347,2.159592,success
Nicaragua,12.793313,-85.039545,success
"New York, NY, USA",40.682950,-73.970800,success
